villageInnerId_村庄内部代码,gazetteerId_村志代码,villageId_村庄代码,nameChineseCharacters_村名汉字,nameHanyuPinyin_村名汉语拼音
1,1,411082100218,太平店村,Taipingdian Cun
2,2,420116403201,叶店村,Yedian Cun
3,3,522328102210,马鞭田村,Mabiantian Cun
4,4,450107002201,万秀村,Wanxiu Cun
5,5,130632200207,光淀村,Guangdian Cun
6,6,130522201225,方等村,Fangdeng Cun
7,7,NULL,渔津洼村,Yujinwa Cun
8,8,532530101211,板板桥村,Banbanqiao Cun
9,9,130535100213,仓上村,Cangshang Cun
10,10,110105038210,草场地村,Caochangdi Cun
11,11,441900110202,桥梓村,Qiaozi Cun
12,12,NULL,东侯坊村,Donghoufang Cun
13,13,110106202201,黄土岗村,Huangtugang Cun
14,14,410581106229,桑耳庄村,Sang'erzhuang Cun
15,15,110111209207,三合村,Sanhe Cun
16,16,NULL,上梅林村,Shangmeilin Cun
17,17,110114007206,单家村,Shanjia Cun
18,18,370687001201,生产村,Shengchan Cun
19,19,310120501203,树园村,Shuyuan Cun
20,20,110115005206,西黄村,Xihuang Cun
21,21,110111110212,张坊村,Zhangfang Cun
22,22,370921107223,张家圩子村,Zhangjiaweizi Cun
23,23,350702105207,凤池村,Fengchi Cun
24,24,440306007015,楼村,Lou Cun
25,25,520121206201,马头村,Matou Cun
26,26,450109100203,孟莲村,Menglian Cun
27,27,460201104001,马岭村,Maling Cun
28,28,350822103222,莲塘村,Liantang Cun
29,29,NULL,刘国忠村,Liuguozhong Cun
30,30,520402006203,管元村,Guanyuan Cun
31,31,130107101003,南凤山村,Nanfengshan Cun
32,32,310112107204,井亭村,Jingting Cun
33,33,130129100206,见守村,Jianshou Cun
34,34,220105100208,胡家村,Hujia Cun
35,35,350212108003,洪塘头村,Hongtangtou Cun
36,36,320412100223,周家巷村,Zhoujiaxiang Cun
37,37,610303100007,联盟村,Lianmeng Cun
38,38,130983204216,梁口村,Liangkou Cun
39,39,310230113210,骏马村,Junma Cun
40,40,430702205205,金家坪村,Jinjiaping Cun
41,41,469023100204,博谭村,Botan Cun
42,42,310112107205,新桥村,Xinqiao Cun
43,43,110108104213,草厂村,Caochang Cun
44,44,410526201201,大吕庄村,Dalüzhuang Cun
45,45,620724201200,定安村,Ding'an Cun
46,46,210212400204,方家村,Fangjia Cun
47,47,310120502002,冯桥村,Fengqiao Cun
48,48,110106201215,小瓦窑村,Xiaowayao Cun
49,49,330621103235,富强村,Fuqiang Cun
50,50,350181007201,音西村,Yinxi Cun
51,51,445221112203,潭前王村,Tanqianwang Cun
52,52,210212012206,郭家沟村,Guojiagou Cun
53,53,320412109234,牟家村,Moujia Cun
54,54,410523204205,西官庄村,Xiguanzhuang Cun
55,55,350111101201,西园村,Xiyuan Cun
56,56,NULL,沐陂村,Mubei Cun
57,57,420626107221,尧治河村,Yaozhihe Cun
58,58,210212013204,袁家沟村,Yuanjiagou Cun
59,59,410883100218,云水村,Yunshui Cun
60,60,440605125226,平地村,Pingdi Cun
61,61,130604200205,西高庄村,Xigaozhuang Cun
62,62,420114070220,新华村,Xinhua Cun
63,63,410581106218,盘山村,Panshan Cun
64,64,110106201203,三路居村,Sanluju Cun
65,65,110116103202,仙台村,Xiantai Cun
66,66,110111208202,四马台村,Simatai Cun
67,67,130429200212,西洞头村,Xidongtou Cun
68,68,522629104218,五河苗族村,Wuhe Miaozu Cun
69,69,610112002201,五一村,Wuyi Cun
70,70,140322101211,乌玉村,Wuyu Cun
71,71,210212005200,前夹山村,Qianjiashan Cun
72,72,330108003201,浦联村,Pulian Cun
73,73,370783006232,三元朱村,Sanyuanzhu Cun
74,74,110114113205,上东廓村,Shangdongkuo Cun
75,75,320581100015,琴湖村,Qinhu Cun
76,76,110115111210,沁水营村,Qinshuiying Cun
77,77,210212400200,三洋村,Sanyang Cun
78,78,210212005202,三八里村,Sanbali Cun
79,79,330303001220,坦头村,Tantou Cun
80,80,610112002221,新店村,Xindian Cun
81,81,370983102210,北仪仙村,Beiyixian Cun
82,82,NULL,北良侯村,Beilianghou Cun
83,83,140522102202,柏沟村,Bogou Cun
84,84,451228204203,三力村,Sanli Cun
85,85,NULL,马鼻村,Mabi Cun
86,86,NULL,石䧱村,Shikuan Cun
87,87,341824102204,坦头村,Tantou Cun
88,88,120112102202,传字营村,Chuanziying Cun
89,89,120110005201,新立村,Xinli Cun
90,90,450902004208,高山村,Gaoshan Cun
91,91,530111008204,福保村,Fubao Cun
92,92,451226101002,上南村,Shangnan Cun
93,93,120113111206,霍庄子村,Huozhuangzi Cun
94,94,140521104201,长畛村,Changzhen Cun
95,95,510503109202,大河村,Dahe Cun
96,96,120111100216,大蒋庄村,Dajiangzhuang Cun
97,97,510131102212,插旗山村,Chaqishan Cun
98,98,530111001004,福德村,Fude Cun
99,99,532901108203,银桥村,Yinqiao Cun
100,100,640425101219,崖堡村,Yabao Cun
101,101,450222100206,龙台村,Longtai Cun
102,102,450222100208,洛古村,Luogu Cun
103,103,450222100215,吉兆村,Jizhao Cun
104,104,450222101208,码头村,Matou Cun
105,105,450222102205,黄宜村,Huangyi Cun
106,106,450222102212,山咀村,Shanzui Cun
107,107,450222103204,六广村,Liuguang Cun
108,108,450222104210,莫道村,Modao Cun
109,109,450222104215,走马村,Zouma Cun
110,110,450222104211,新龙村,Xinlong Cun
111,111,450222105201,二塘村,Ertang Cun
112,112,450222202202,社冲村,Shechong Cun
113,113,620123207201,东古城村,Donggucheng Cun
114,114,371324112209,涌泉村,Yongquan Cun
115,115,330602106202,荷湖村,Hehu Cun
116,116,520330201207,青峰村,Qingfeng Cun
117,117,231221203201,正蓝前二村,Zhenglanqianer Cun
118,118,420704001205,百子畈村,Baizifan Cun
119,119,421087112218,三堰淌村,Sanyantang Cun
120,120,150722106211,小库木尔村,Xiaokumuer Cun
121,121,469023101003,马村,Ma Cun
123,123,NULL,小三家子村,Xiaosanjiazi Cun
124,124,620121200201,复兴村,Fuxing Cun
125,125,430821100248,长见村,Changjian Cun
126,126,469023101213,文大村,Wenda Cun
127,127,NULL,浪营村,Langying Cun
128,128,330881118260,白沙村,Baisha Cun
129,129,632123103001,高庙村,Gaomiao Cun
130,130,632128200201,起台堡村,Qitaibao Cun
131,131,341522105216,双庄村,Shuangzhuang Cun
132,132,370213009001,毕家上流村,Bijiashangliu Cun
133,133,120113100204,天穆村,Tianmu Cun
134,134,640423209204,梁堡村,Liangbao Cun
135,135,150221215200,苏波盖村,Subogai Cun
136,136,469027108212,丹村,Dan Cun
137,137,433123101209,菖蒲塘村,Changputang Cun
138,138,140823102222,东颜村,Dongyan Cun
139,139,522628104207,魁胆村,Kuidan Cun
140,140,522628202200,隆里所村,Longlisuo Cun
141,141,150402010202,大三家村,Dasanjia Cun
142,142,640121100205,纳家户村,Najiahu Cun
143,143,222404101206,防川村,Fangchuan Cun
144,144,341824103200,上庄村,Shangzhuang Cun
145,145,510112109211,宝狮村,Baoshi Cun
146,146,511902216200,凤凰庙村,Fenghuangmiao Cun
147,147,341021201210,卖花渔村,Maihuayu Cun
148,148,150123203203,西厂圪洞村,Xichanggedong Cun
149,149,630105100201,严小村,Yanxiao Cun
150,150,320903110007,宝才村,Baocai Cun
151,151,130185105202,宜安村,Yian Cun
152,152,NULL,传桂村,Chuangui Cun
153,153,360781200200,叶坪村,Yeping Cun
154,154,NULL,马路村,Malu Cun
156,156,431121100214,百花村,Baihua Cun
157,157,500106014202,上桥村,Shangqiao Cun
158,158,420704102203,茅草村,Maocao Cun
159,159,610113004200,北山门口村,Beishanmenkou Cun
160,160,NULL,逯家寨村,Lujiazhai Cun
161,161,522625102204,鸡鸣村,Jiming Cun
162,162,522628103210,丁达村,Dingda Cun
163,163,NULL,莲麻坑村,Lianmakeng Cun
164,164,620722105200,八卦营村,Baguaying Cun
165,165,361130103212,大畈村,Dafan Cun
166,166,120110006208,赤土村,Chitu Cun
167,167,150102008210,南店村,Nandian Cun
168,168,150429103206,杨树林子村,Yangshulinzi Cun
169,169,220211200200,永庆村,Yongqing Cun
170,170,630105100204,鲍家寨村,Baojiazhai Cun
171,171,420581101210,青林寺村,Qinglinsi Cun
172,172,620724201201,定平村,Dingping Cun
173,173,511602102212,果山村,Guoshan Cun
174,174,330783107246,蔡宅村,Caizhai Cun
176,176,640324203208,汪家塬村,Wangjiayuan Cun
177,177,530112006001,船房村,Chuanfang Cun
178,178,120113102210,双街村,Shuangjie Cun
179,179,451421203202,木民村,Mumin Cun
180,180,231084100203,红城村,Hongcheng Cun
181,181,440604011212,弼唐村,Bitang Cun
183,183,130983103217,旧城村,Jiucheng Cun
184,184,NULL,横西村,Hengxi Cun
185,185,460105100212,镇海村,Zhenhai Cun
186,186,433130206211,白岩洞村,Baiyandong Cun
187,187,410782103001,百泉村,Baiquan Cun
188,188,440811100205,调塾村,Tiaoshu Cun
189,189,131026102207,苑口村,Yuankou Cun
190,190,130302101019,范家店村,Fanjiadian Cun
191,191,440306007007,塘尾村,Tangwei Cun
192,192,610112002200,三桥村,Sanqiao Cun
193,193,440781106212,唐美村,Tangmei Cun
194,194,331124206200,界首村,Jieshou Cun
195,195,532901104202,珂里庄村,Kelizhuang Cun
196,196,610826106200,吉镇村,Jizhen Cun
197,197,140431104209,贤友村,Xianyou Cun
198,198,610830101221,徐家河村,Xujiahe Cun
199,199,320581100228,勤丰村,Qinfeng Cun
200,200,610113002203,观音庙村,Guanyinmiao Cun
201,201,320582106210,永联村,Yonglian Cun
203,203,110228101204,石马峪村,Shimayu Cun
204,204,530423105203,者湾村,Zhewan Cun
205,205,511126101203,黄土村,Huangtu Cun
206,206,532901104207,上关村,Shangguan Cun
207,207,510114103218,兴堰村,Xingyan Cun
208,208,510108013004,人民塘村,Renmintang Cun
209,209,530111006004,海东村,Haidong Cun
210,210,530421101201,三街村,Sanjie Cun
211,211,530521103206,山邑村,Shanyi Cun
212,212,510115101223,石坝村,Shiba Cun
213,213,510184119214,群安村,Qun'an Cun
214,214,530111005005,云溪村,Yunxi Cun
215,215,530127101224,龙街村,Longjie Cun
216,216,510181105228,金陵村,Jinling Cun
217,217,510122121208,瓦窑村,Wayao Cun
218,218,310112102203,九星村,Jiuxing Cun
219,219,533325101201,金凤村,Jinfeng Cun
220,220,532530202209,董棕河村,Dongzonghe Cun
221,221,310120118214,南胜村,Nansheng Cun
222,222,110108103201,唐家岭村,Tangjialing Cun
223,223,NULL,水闸口村,Shuizhakou Cun
224,224,110116004210,柏崖厂村,Baiyachang Cun
225,225,110107004010,古城村,Gucheng Cun
226,226,532901001201,天井村,Tianjing Cun
227,227,110115005233,后辛庄村,Houxinzhuang Cun
228,228,310115125220,环东村,Huandong Cun
229,229,530127104204,上马坊村,Shangmafang Cun
230,230,NULL,果园村,Guoyuan Cun
231,231,310115133206,众安村,Zhongan Cun
232,232,110106201201,马连道村,Maliandao Cun
233,233,NULL,棠东村,Tangdong Cun
234,234,441900111225,小坑村,Xiaokeng Cun
235,235,530524101202,勐廷村,Mengting Cun
236,236,110113113206,榆林村,Yulin Cun
238,238,310115103227,界龙村,Jielong Cun
239,239,530126101218,北山村,Beishan Cun
241,241,110105027202,龙爪树村,Longzhuashu Cun
242,242,310116109209,横浦村,Hengpu Cun
243,243,110111009200,南韩继村,Nanhanji Cun
244,244,310120102220,盐行村,Yanhang Cun
245,245,330382114208,上园村,Shangyuan Cun
246,246,310116109212,卫通村,Weitong Cun
247,247,310116104215,亭北村,Tingbei Cun
248,248,110112119219,东夏园村,Dongxiayuan Cun
249,249,310112103210,北桥村,Beiqiao Cun
250,250,310116101222,慧农村,Huinong Cun
251,251,532931101214,双河村,Shuanghe Cun
252,252,110111212211,金鸡台村,Jinjitai Cun
253,253,310118105216,崧泽村,Songze Cun
254,254,310116104204,亭东村,Tingdong Cun
255,255,310116101203,民主村,Minzhu Cun
256,256,110111009212,黄山店村,Huangshandian Cun
257,257,310112108202,华一村,Huayi Cun
258,258,530111006008,罗衙村,Luoya Cun
259,259,533325101002,江头河村,Jiangtouhe Cun
260,260,310114109203,钱桥村,Qianqiao Cun
261,261,140722200200,寒王村,Hanwang Cun
262,262,441900102202,新维村,Xinwei Cun
263,263,130181204226,东张口村,Dongzhangkou Cun
264,264,350105101216,长安村,Chang'an Cun
265,265,130481103402,磁山村,Cishan Cun
266,266,430703115203,洞阳观村,Dongyangguan Cun
267,267,610581002204,晨钟村,Chenzhong Cun
268,268,410306200200,北陈村,Beichen Cun
269,269,350823104206,南坑村,Nankeng Cun
270,270,330781200206,洞源村,Dongyuan Cun
271,271,610524100201,东街村,Dongjie Cun
272,272,430923103234,芙蓉村,Furong Cun
273,273,350121201213,超墘村,Chaoqian Cun
274,274,440306004006,怀德村,Huaide Cun
275,275,210212400205,高家村,Gaojia Cun
276,276,210212400206,大潘家村,Dapanjia Cun
277,277,370285107236,东大寨村,Dongdazhai Cun
278,278,330621106205,国际村,Guoji Cun
279,279,621121206207,黑石头村,Heishitou Cun
280,280,130421200218,北寨张村,Beizhaizhang Cun
281,281,210522110209,碑登村,Beideng Cun
282,282,330782004007,何麻车村,Hemache Cun
283,283,130426106201,固新村,Guxin Cun
285,285,441900110212,土塘村,Tutang Cun
286,286,110106201213,大井村,Dajing Cun
287,287,310116113208,东方村,Dongfang Cun
288,288,430702101213,枫树岗村,Fengshugang Cun
289,289,350122104201,百胜村,Baisheng Cun
290,290,211322004207,大板沟村,Dabangou Cun
291,291,370681101227,官曲村,Guanqu Cun
292,292,411222102209,凡村,Fan Cun
293,293,610624102204,碟子沟村,Diezigou Cun
294,294,NULL,北沙坡村,Beishapo Cun
295,295,370283004224,何家楼村,Hejialou Cun
296,296,371626101306,大省村,Dasheng Cun
297,297,130582201207,册井村,Cejing Cun
298,298,610821111244,葛富村,Gefu Cun
299,299,210921120210,衙门村,Yamen Cun
300,300,130434202215,斗门村,Doumen Cun
301,301,330726106206,长山村,Changshan Cun
302,302,NULL,南关村,Nanguan Cun
303,303,211103018201,陈屯村,Chentun Cun
304,304,350105101210,东岐村,Dongqi Cun
305,305,320382109003,港西村,Gangxi Cun
306,306,430224207204,大英村,Daying Cun
307,307,330225105225,方家岙村,Fangjiaao Cun
309,309,320584107218,开弦弓村,Kaixiangong Cun
310,310,371327101215,李家桑园村,Lijiasangyuan Cun
312,312,350425100201,红星村,Hongxing Cun
313,313,371402200215,刘集村,Liuji Cun
314,314,NULL,凌塘村,Lingtong Cun
315,315,410105015204,花沟王村,Huagouwang Cun
316,316,370105013004,黄岗村,Huanggang Cun
317,317,230881205200,八岔赫哲族村,Bacha Hezhezu Cun
318,318,371524105214,柳林屯村,Liulintun Cun
319,319,NULL,花园关村,Huayuanguan Cun
320,320,430421106211,金沙村,Jinsha Cun
321,321,430522108211,巨口铺村,Jukoupu Cun
322,322,350426103201,后楼村,Houlou Cun
323,323,320305103205,荒里村,Huangli Cun
324,324,411626200218,大张营村,Dazhangying Cun
325,325,411282104204,河西村,Hexi Cun
326,326,330621110242,江桃村,Jiangtao Cun
327,327,210682116204,四台子村,Sitaizi Cun
329,329,210212400201,后三羊头村,Housanyangtou Cun
330,330,211382008201,庙东村,Miaodong Cun
331,331,440112003009,茅岗村,Maogang Cun
332,332,NULL,近江村,Jinjiang Cun
333,333,610112007230,柳树林村,Liushulin Cun
334,334,320506103200,灵岩村,Lingyan Cun
335,335,610525101211,吉安城村,Ji'ancheng Cun
336,336,140429200213,常青村,Changqing Cun
337,337,320582401206,李巷村,Lixiang Cun
338,338,NULL,麻扎村,Mazha Cun
339,339,610125101211,旧泉坊村,Jiuquanfang Cun
340,340,320925103207,建河村,Jianhe Cun
341,341,141181105210,旧尉屯村,Jiuweitun Cun
342,342,210212013200,李家沟村,Lijiagou Cun
343,343,140728206201,梁官村,Liangguan Cun
344,344,320581100013,环湖村,Huanhu Cun
345,345,140421203209,辉河村,Huihe Cun
346,346,410902203212,胡干城村,Hugancheng Cun
347,347,110105037205,北甸西村,Beidianxi Cun
348,348,330109102202,尖山下村,Jianshanxia Cun
349,349,210881112206,后蚂虹嘴村,houmahongzui Cun
350,350,321281117201,蒋家村,Jiangjia Cun
351,351,NULL,雷家崄村,Leijiaxian Cun
352,352,430611101209,合兴村,Hexing Cun
353,353,141122100001,西街村,Xijie Cun
354,354,330881104235,花园岗村,Huayuangang Cun
355,355,130582202205,孟石岗村,Mengshigang Cun
356,356,411282107209,西水头村,Xishuitou Cun
357,357,140311102201,义东沟村,Yidonggou Cun
358,358,130522200204,丰盈村,Fengying Cun
359,359,440106022001,新塘村,Xintang Cun
360,360,440606104208,沙富村,Shafu Cun
361,361,441900117205,黄洞村,Huangdong Cun
362,362,440106015001,元岗村,Yuangang Cun
363,363,NULL,黄村,Huang Cun
364,364,441900117201,官井头村,Guanjingtou Cun
365,365,440106021003,珠村,Zhu Cun
366,366,410704200204,分将池村,Fenjiangchi Cun
367,367,440306004009,白石厦村,Baishixia Cun
368,368,441900117202,油甘埔村,Youganpu Cun
369,369,410704201203,尚介村,Shangjie Cun
370,370,410323106214,关址村,Guanzhi Cun
371,371,NULL,南程村,Nancheng Cun
372,372,410821206211,北洼村,Beiwa Cun
373,373,320581103219,李袁村,Liyuan Cun
374,374,320281003206,李沟头村,Ligoutou Cun
375,375,320412100204,三勤村,Sanqin Cun
376,376,131022103219,林城村,Lincheng Cun
377,377,130185500202,横山村,Hengshan Cun
378,378,421003103208,马店村,Madian Cun
379,379,320211009203,群丰村,Qunfeng Cun
380,380,141181002209,桥北村,Qiaobei Cun
381,381,NULL,马家疃村,Majiatuan Cun
382,382,450881120204,盘石村,Panshi Cun
383,383,370105014012,清河村,Qinghe Cun
384,384,610581001205,坡底村,Podi Cun
385,385,610125100206,七一村,Qiyi Cun
386,386,NULL,乔家辿村,Qiaojiazhan Cun
387,387,440305002007,南山村,Nanshan Cun
388,388,210212012200,龙头村,Longtou Cun
389,389,141002101200,乔李村,Qiaoli Cun
390,390,621002003201,秦霸岭村,Qinbaling Cun
391,391,320412102212,卢家巷村,Lujiaxiang Cun
392,392,610124208211,沙河岸村,Shahean Cun
393,393,110105038212,北皋村,Beigao Cun
394,394,440111014015,庆丰村,Qingfeng Cun
395,395,350128100002,右营村,Youying Cun
396,396,431127102201,毛俊村,Maojun Cun
397,397,370104100231,七里铺村,Qilipu Cun
398,398,141029200222,南崖村,Nanya Cun
399,399,NULL,南湾村,Nanwan Cun
400,400,430802108211,马头溪村,Matouxi Cun
401,401,130423101201,南东坊村,Nandongfang Cun
402,402,320581100249,小山村,Xiaoshan Cun
404,404,431226106204,漫水村,Manshui Cun
405,405,140525108204,南山村,Nanshan Cun
406,406,320381101203,李庄村,Lizhuang Cun
407,407,NULL,聂寨村,Niezhai Cun
408,408,140882002211,龙门村,Longmen Cun
409,409,NULL,桥塘村,Qiaotang Cun
411,411,450103101206,施厚村,Shihou Cun
412,412,370783104228,牛头镇村,Niutouzhen Cun
413,413,620722103218,三寨村,Sanzhai Cun
414,414,620123100202,南坡湾村,Nanpowan Cun
415,415,130133101201,南庄村,Nanzhuang Cun
416,416,NULL,潘山村,Panshan Cun
417,417,440183001208,罗岗村,Luogang Cun
418,418,NULL,平羌村,Pingqiang Cun
419,419,410104008008,南五里堡村,Nanwulipu Cun
420,420,330503102220,荃步村,Quanbu Cun
421,421,350181103210,牛宅村,Niuzhai Cun
422,422,110106202207,看丹村,Kandan Cun
423,423,110105038204,奶东村,Naidong Cun
424,424,610403203204,新集村,Xinji Cun
425,425,320412100237,夏雷村,Xialei Cun
427,427,350425100205,宋京村,Songjing Cun
428,428,620702103226,兴隆村,Xinglong Cun
429,429,450107004201,苏卢村,Sulu Cun
430,430,130981202239,石桥鲁道村,Shiqiaoludao Cun
431,431,210212005203,水师营村,Shuishiying Cun
432,432,431382202203,申家村,Shenjia Cun
433,433,NULL,吴家村,Wujia Cun
434,434,141181201200,下栅村,Xiazha Cun
435,435,210212010207,土城子村,Tuchengzi Cun
436,436,440306004007,兴围村,Xingwei Cun
437,437,620722102209,五坝村,Wuba Cun
438,438,330282004021,湾底村,Wandi Cun
439,439,140522101229,史山村,Shishan Cun
440,440,NULL,新房村,Xinfang Cun
441,441,320303006203,土山寺村,Tushansi Cun
442,442,210212005205,西沟村,Xigou Cun
443,443,210711070205,孙家湾村,Sunjiawan Cun
444,444,320583100036,同心村,Tongxin Cun
445,445,330225102252,文岙村,Wenao Cun
446,446,140821107209,王寮村,Wangliao Cun
447,447,620702103204,水磨湾村,Shuimowan Cun
448,448,330621004220,铜井村,Tongjing Cun
449,449,370302112001,渭二村,Weier Cun
450,450,140110003206,古城营村,Guchengying Cun
451,451,440306005020,万丰村,Wanfeng Cun
452,452,350582106208,围头村,Weitou Cun
453,453,370523104243,王道村,Wangdao Cun
454,454,370285001201,水集二村,Shuijier Cun
455,455,370302003001,西关一村,Xiguanyi Cun
456,456,NULL,唐林村,Tanglin Cun
457,457,130207107247,太各庄村,Taigezhuang Cun
458,458,520122201209,鹿窝村,Luwo Cun
459,459,370983001220,孙家小庄村,Sunjiaxiaozhuang Cun
460,460,411222100200,大营村,Daying Cun
461,461,440114001209,马溪村,Maxi Cun
462,462,NULL,棠下村,Tangxia Cun
463,463,431002100201,小溪村,Xiaoxi Cun
464,464,330304110215,沈岙村,Shen'ao Cun
465,465,330783108278,象塘村,Xiangtang Cun
466,466,NULL,石鼓村,Shigu Cun
467,467,410883002214,中曹村,Zhongcao Cun
468,468,140427104200,树掌村,Shuzhang Cun
470,470,450107001201,友爱村,Youai Cun
471,471,141182103213,义安村,Yian Cun
472,472,321011003201,堡城村,Baocheng Cun
473,473,130103008030,义堂村,Yitang Cun
474,474,622921215206,徐马村,Xuma Cun
475,475,370112003002,祝甸村,Zhudian Cun
476,476,350111100222,园中村,Yuanzhong Cun
477,477,371524001405,鱼山村,Yushan Cun
478,478,430521205249,羊家冲村,Yangjiachong Cun
479,479,210302013202,营城子村,Yingchengzi Cun
480,480,320506005200,新路村,Xinlu Cun
481,481,331124102200,玉岩村,Yuyan Cun
482,482,330183002227,新建村,Xinjian Cun
483,483,433123112206,雄龙村,Xionglong Cun
484,484,610821109230,薛家会村,Xuejiahui Cun
485,485,NULL,浔龙村,Xunlong Cun
486,486,211103018204,西跃村,Xiyue Cun
487,487,410704200206,堡上村,Baoshang Cun
488,488,141023102208,西中黄村,Xizhonghuang Cun
489,489,410105102207,杲村,Gao Cun
490,490,350582103220,洋埭村,Yangdai Cun
491,491,330624107200,小将村,Xiaojiang Cun
492,492,210421205226,油坊村,Youfang Cun
493,493,620723105203,友好村,Youhao Cun
494,494,NULL,枣牌刘村,Zaopailiu Cun
495,495,140821202213,西齐永村,Xiqiyong Cun
496,496,NULL,龙塘村,Longtang Cun
497,497,410181101202,新中村,Xinzhong Cun
498,498,140429202221,枣烟村,Zaoyan Cun
499,499,330212110258,走马塘村,Zoumatang Cun
500,500,610581100208,西原村,Xiyuan Cun
501,501,350121102217,元峰村,Yuanfeng Cun
502,502,130582102224,窑坡村,Yaopo Cun
503,503,130107101009,张家井村,Zhangjiajing Cun
504,504,130129201401,南关村,Nanguan Cun
505,505,421224100202,新塘下村,Xintangxia Cun
506,506,441900117207,竹尾田村,Zhuweitian Cun
507,507,330281002209,永丰村,Yongfeng Cun
508,508,140881104210,寨子村,Zhaizi Cun
509,509,610922100208,新堰村,Xinyan Cun
510,510,410104202203,南岗村,Nangang Cun
511,511,370613004218,西解甲庄村,Xixiejiazhuang Cun
512,512,410825101207,薛肇村,Xuezhao Cun
513,513,420704001203,洋澜村,Yanglan Cun
514,514,411281006001,千秋村,Qianqiu Cun
515,515,140823100230,仪张村,Yizhang Cun
516,516,330781104200,诸葛村,Zhuge Cun
517,517,410105101208,杨槐村志,Yanghuai Cun
518,518,440106019001,渔沙坦村,Yushatan Cun
519,519,520123102209,清水村,Qingshui Cun
520,520,210212012205,盐厂新村,Yanchang Xincun
521,521,350322102217,后溪村,Houxi Cun
522,522,410105101217,唐庄村,Tangzhuang Cun
523,523,231102206201,新生村,Xinsheng Cun
524,524,500113117216,荷花村,Hehua Cun
525,525,230206200205,库勒村,Kule Cun
526,526,500118003206,黄瓜山村,Huangguashan Cun
527,527,360313103201,关里村,Guanli Cun
528,528,360730203207,东龙村,Donglong Cun
529,529,NULL,黄家门村,Huangjiamen Cun
530,530,451031203210,上棒村,Shangbang Cun
531,531,NULL,草陂村,Caobei Cun
532,532,500238239204,兰英村,Lanying Cun
533,533,340721202200,老观村,Laoguan Cun
534,534,340603100214,黄里村,Huangli Cun
535,535,522323104204,保冲村,Baochong Cun
536,536,120112103209,海河湾村,Haihewan Cun
537,537,422801101203,鸦鹊水村,Yaqueshui Cun
538,538,522628104207,魁胆村,Kuidan Cun
539,539,420704001204,莲花村,Lianhua Cun
540,540,430111006201,红星村,Hongxing Cun
541,541,510114102202,建设村,Jianshe Cun
542,542,511922222213,庙坪村,Miaoping Cun
543,543,431025205201,小湾村,Xiaowan Cun
544,544,420982102211,新堤村,Xindi Cun
545,545,120111104207,刘庄村,Liuzhuang Cun
546,546,120111002211,王兰庄村,Wanglanzhuang Cun
547,547,510922209211,临江村,Linjiang Cun
548,548,420821100008,城畈村,Chengfan Cun
549,549,511323104208,柳树垭村,Liushuya Cun
550,550,522625102203,大塘村,Datang Cun
551,551,430321200226,双湖村,Shuanghu Cun
552,552,510183105203,二龙村,Erlong Cun
553,553,512022110203,旧居村,Jiuju Cun
554,554,341302104205,左洼村,Zuowa Cun
555,555,430381106210,中石村,Zhongshi Cun
556,556,341021104200,郑村,Zheng Cun
557,557,NULL,沥坑刘村,Likeng Liu Cun
558,558,430321200224,稠泉村,Chouquan Cun
559,559,430725102207,朱家港村,Zhujiagang Cun
560,560,522622101213,川心堡村,Chuanxinpu Cun
561,561,150102008202,代州营村,Daizhouying Cun
562,562,340221101201,北陶村,Beitao Cun
563,563,520302107206,中桥村,Zhongqiao Cun
564,564,370683107239,菜园头村,Caiyuantou Cun
565,565,120111450498,凌庄子村,Lingzhuangzi Cun
566,566,620723202204,马郡村,Majun Cun
567,567,NULL,虎牙滩村,Huyatan Cun
568,568,NULL,土艳村,Tuyan Cun
569,569,341021204201,方村,Fang Cun
570,570,510921104210,拱市村,Gongshi Cun
571,571,520302102205,护城村,Hucheng Cun
572,572,NULL,冯村,Feng Cun
573,573,NULL,塘井村,Tangjing Cun
574,574,341021102205,白杨村,Baiyang Cun
575,575,620522100211,邢泉村,Xingquan Cun
576,576,620503103224,张石村,Zhangshi Cun
577,577,421022113211,青羊岗村,Qingyanggang Cun
578,578,420704101206,三山村,Sanshan Cun
579,579,360429204201,殷山村,Yinshan Cun
580,580,120114113206,西南庄村,Xinanzhuang Cun
581,581,511324102211,瓦子坪村,Waziping Cun
582,582,530921204206,岔河村,Chahe Cun
583,583,431128100225,三里亭村,Sanliting Cun
584,584,511321235211,唐家坪村,Tangjiaping Cun
585,585,511024115219,船石村,Chuanshi Cun
586,586,NULL,膏田村,Gaotian Cun
587,587,510521110237,新屋咀村,Xinwuju Cun
588,588,510521118222,石牌坊村,Shipaifang Cun
589,589,511322111214,锁口村,Suokou Cun
590,590,430121110204,惠农村,Huinong Cun
591,591,530111009201,大板桥村,Dabanqiao Cun
592,592,530112403007,大坝村,Daba Cun
593,593,532923106204,大波那村,Dabona Cun
594,594,532931103201,天马村,Tianma Cun
595,595,530111002007,吴井村,Wujing Cun
596,596,530112006006,新河村,Xinhe Cun
597,597,511425110222,万沟村,Wangou Cun
598,598,511124205207,四合村,Sihe Cun
599,599,512081114203,石河村,Shihe Cun
600,600,510183102204,乌木村,Wumu Cun
601,601,522631208200,肇兴村,Zhaoxing Cun
602,602,522631106202,竹坪村,Zhuping Cun
603,603,431121114201,竹山湾村,Zhushanwan Cun
604,604,361129104206,石下村,Shixia Cun
605,605,370611005001,八角村,Bajiao Cun
606,606,370282002206,北阁村,Beige Cun
607,607,141030100214,白杜村,Baidu Cun
608,608,210212005201,大王村,Dawang Cun
609,609,310116101217,长浜村,Changbang Cun
610,610,310116101204,大茫村,Damang Cun
611,611,310115137206,沉香村,Chenxiang Cun
612,612,320412100206,东华村,Donghua Cun
613,613,310115110223,大星村,Daxing Cun
614,614,310115144203,成日村,Chengri Cun
615,615,141031102203,谙正村,Anzheng Cun
616,616,140221211201,安家皂村,Anjiazao Cun
617,617,140411103219,安昌村,Anchang Cun
618,618,321023109217,崔堡村,Cuipu Cun
619,619,310114106212,仓场村,Cangchang Cun
620,620,320582105205,程墩村,Chengdun Cun
621,621,341824200201,仁里村,Renli Cun
622,622,210681107218,下岗村,Xiagang Cun
623,623,110111112222,北车营村,Beicheying Cun
624,624,210681108212,獐岛村,Zhangdao Cun
625,625,NULL,邓一村,Dengyi Cun
626,626,510302101209,竹元村,Zhuyuan Cun
627,627,321181109204,长春村,Changchun Cun
628,628,341522118205,林祠村,Linci Cun
629,629,370212004033,磅石村,Bangshi Cun
630,630,211103018200,赵家村,Zhaojia Cun
631,631,350322101218,溪尾村,Xiwei Cun
632,632,370923206231,八里湾村,Baliwan Cun
633,633,310115103238,陈胡村,Chenhu Cun
634,634,350181106206,上薛村,Shangxue Cun
635,635,610581104212,党家村,Dangjia Cun
636,636,350181107213,南宵村,Nanxiao Cun
637,637,610124100201,镇丰村,Zhenfeng Cun
638,638,320382109002,港中村,Gangzhong Cun
639,639,350526207208,阳山村,Yangshan Cun
640,640,350721201206,榜山村,Bangshan Cun
641,641,310116104224,保卫村,Baowei Cun
642,642,350304100209,后黄村,Houhuang Cun
643,643,370305109240,北金召村,Beijinzhao Cun
644,644,NULL,度城村,Ducheng Cun
645,645,530522101201,洞山村,Dongshan Cun
646,646,530702201203,玉河村,Yuhe Cun
647,647,NULL,可邑村,Keyi Cun
648,648,530111006001,官渡社区(村),Guandu Shequ (Cun)
650,650,530111005005,云溪村,Yunxi Cun
651,651,530112403008,周家村,Zhoujia Cun
652,652,532927104208,小围埂村,Xiaoweigeng Cun
653,653,330784001219,高镇村,Gaozhen Cun
654,654,320282104201,官林村,Guanlin Cun
655,655,330282118208,海星村,Haixing Cun
656,656,131022100203,北关村,Beiguan Cun
658,658,NULL,义路村,Yilu Cun
659,659,530524203210,邑等村,Yideng Cun
660,660,530111005003,羊甫村,Yangfu Cun
662,662,110111001204,东瓜地村,Dongguadi Cun
663,663,370983111236,边院村,Bianyuan Cun
664,664,110108104212,北安河村,Beianhe Cun
665,665,141002103217,佰王刘村,Baiwangliu Cun
666,666,350783104213,可建村,Kejian Cun
667,667,141124101001,白文村,Baiwen Cun
668,668,530112403008,八仙庄村,Baxianzhuang Cun
669,669,120221107201,西塘坨村,Xitangtuo Cun
670,670,110115005225,北程庄村,Beichengzhuang Cun
671,671,210682113208,顾家村,Gujia Cun
672,672,210212005207,小南村,Xiaonan Cun
673,673,350427002222,茶丰峡村,Chafengxia Cun
674,674,330783108200,歌山村志,Geshan Cun
675,675,350921101214,大京村,Dajing Cun
676,676,610481106213,南韩村,Nanhan Cun
677,677,NULL,北关村,Beiguan Cun
678,678,NULL,后孙密城村,Housunmicheng Cun
679,679,410882202226,西王曲村,Xiwangqu Cun
680,680,140581001002,城北村,Chengbei Cun
681,681,110106202203,白盆窑村,Baipenyao Cun
682,682,140429101203,白和村,Baihe Cun
683,683,610112007001,杜家堡村,Dujiapu Cun
684,684,420704400205,杜山村,Dushan Cun
685,685,410105015201,花胡庄村,Huahuzhuang Cun
686,686,NULL,小蒲水村,Xiaopushui Cun
687,687,610823109203,杜羊圈村,Duyangjuan cun
688,688,320302151208,孤山村,Gushan Cun
689,689,130632106216,北冯村,Beifeng Cun
690,690,140724100240,巴洲村,Bazhou Cun
691,691,110113101215,东马各庄村,Dongmagezhuang Cun
692,692,130826107205,八间房村,Bajianfang Cun
693,693,370304103213,北万山村,Beiwanshan Cun
694,694,610303100203,东岭村,Dongling Cun
695,695,110112114240,东石村,Dongshi Cun
696,696,140525108212,北堆村,Beidui Cun
697,697,110114115209,白庙村,Baimiao Cun
698,698,411282100204,涧东村,Jiandong Cun
699,699,410181111204,罗口村,Luokou Cun
700,700,330523100249,古城村,Gucheng Cun
701,701,350425105213,汤泉村,Tangquan Cun
702,702,140521105209,半峪村,Banyu Cun
703,703,320412411204,东庄村,Dongzhuang Cun
704,704,NULL,贾岗村,Jiagang Cun
705,705,370112105205,曹家馆村,Caojiaguan Cun
706,706,370212002033,北龙口村,Beilongkou Cun
707,707,320412411206,古方村,Gufang Cun
708,708,320281105207,观山村,Guanshan Cun
709,709,330109112203,工农村,Gongnong Cun
710,710,330781112200,国庆村,Guoqing Cun
711,711,130421202211,北陈庄村,Beichen Cun
712,712,NULL,北庄村,Beizhuang Cun
713,713,110114115205,东二旗村,Dongerqi Cun
714,714,350104101218,黄山村,Huangshan Cun
715,715,110105037204,北甸东村,Beidiandong Cun
716,716,350212108001,(氵+ 丙)洲村,Bingzhou Cun
718,718,350525108204,塘溪村,Tangxi Cun
719,719,350902101209,蓝田村,Lantian Cun
720,720,610822101218,段家寨村,Duanjiazhai Cun
721,721,610821107202,温家川村,Wenjiachuan Cun
722,722,330182102285,安仁村,Anren Cun
723,723,370302101212,查王村,Chawang Cun
724,724,610302100209,燃灯寺村,Randengsi Cun
725,725,370212003031,长岭村,Changling Cun
726,726,370102013212,草山岭村,Caoshanling Cun
727,727,NULL,大王岭村,Dawangling Cun
728,728,370112102239,安家庄村,Anjiazhuang Cun
729,729,310115140201,人民村,Renmin Cun
730,730,310116101218,五龙村,Wulong Cun
731,731,610826203230,中角村,Zhongjiao Cun
732,732,533122204201,九保村,Jiubao Cun
733,733,310115103237,森林村,Senlin Cun
734,734,NULL,白河村,Baihe Cun
735,735,320582105200,凤凰村,Fenghuang Cun
736,736,320582105200,北邵洼村,Beishaowa Cun
737,737,370302001002,城一村,Chengyi Cun
738,738,141181002201,北关村,Beiguan Cun
739,739,320583105205,红星村,Hongxing Cun
740,740,320583105209,民和村,Minhe Cun
741,741,140882101209,北方平村,Beifangping Cun
742,742,610125204207,文义村,Wenyi Cun
743,743,141121105214,北齐村,Beiqi Cun
744,744,532901101205,金星村,Jinxing Cun
745,745,320723207203,韩圩村,Hanwei Cun
746,746,440114001202,大陵村,Daling Cun
747,747,140426103216,北桑鲁村,Beisanglu Cun
748,748,310115139203,三八村,Sanba Cun
749,749,530125104215,梨花村,Lihua Cun
750,750,NULL,金鸭村,Jinya Cun
751,751,530522102203,江东村,Jiangdong Cun
752,752,512021217209,铁门村,Tiemen Cun
753,753,511923102205,黄柳村,Huangliu Cun
754,754,530128213207,乐乌村,Lewu Cun
755,755,530111008201,六甲村,Liujia Cun
756,756,610302102214,姜城村,Jiangcheng Cun
757,757,610524108215,井溢村,Jingyi Cun
758,758,610823201203,王梁村,Wangliang Cun
759,759,610113002204,王家村,Wangjia Cun
760,760,530102401402,梁家河村,Liangjiahe Cun
761,761,321181109201,姚家弄村,Yaojialong Cun
762,762,NULL,新巷村,Xinxiang Cun
763,763,310115133203,新卫村,Xinwei Cun
764,764,310115103239,小圩村,Xiaowei Cun
765,765,320412411200,贺北村,Hebei Cun
766,766,320412109221,横沟村,Henggou Cun
767,767,321181109205,群楼村,Qunlou Cun
768,768,310116101224,温和村,Wenhe Cun
769,769,310116103202,桑园村,Sangyuan Cun
770,770,442000006202,长命水村,Changmingshui Cun
771,771,440106017001,长湴村,Changban Cun
772,772,310120118210,新塘村,Xintang Cun
773,773,350922101225,富达村,Fuda Cun
774,774,110116103204,北年丰村,Beinianfeng Cun
775,775,110105038200,崔各庄村,Cuigezhuang Cun
776,776,370685001011,城西吕家村,Chengxilüjia Cun
777,777,370611001008,城里村,Chengli Cun
778,778,610821111200,马镇村,Mazhen Cun
779,779,440106017004,岑村,Cen Cun
780,780,140727100207,北谷丰村,Beigufeng Cun
781,781,NULL,曹口村,Caokou Cun
782,782,370212001029,车家下庄村,Chejiaxiazhuang Cun
783,783,370687002219,城北村,Chengbei Cun
784,784,440106003023,车陂村,Chebei Cun
785,785,140525112211,北坡村,Beipo Cun
786,786,522301004203,双生村,Shuangsheng Cun
787,787,350505106213,路口村,Lukou Cun
788,788,440114107217,茶塘村,Chatang Cun
789,789,350802100206,东埔村,Dongbu Cun
790,790,NULL,新盛村,Xinsheng Cun
791,791,NULL,鞍山村,Anshan Cun
792,792,140108005200,北固碾村,Beigunian Cun
793,793,110105036212,曹各庄村,Caogezhuang Cun
794,794,110105036205,北马房村,Beimafang Cun
795,795,110108104204,西小营村,Xixiaoying Cun
796,796,610826201203,西贺家石村,Xihejiashi Cun
797,797,141181204200,东小景村,Dongxiaojing Cun
798,798,441900118207,旧飞鹅村,Jiufeie Cun
799,799,110108102212,门头村,Mentou Cun
800,800,441900118218,水朗村,Shuilang Cun
801,801,310115139207,星光村,Xingguang Cun
802,802,141025101200,北平村,Beiping Cun
803,803,110114115202,北七家庄村,Beiqijiazhuang Cun
804,804,140421202212,北岭头村,Beilingtou Cun
805,805,110116004207,北台上村,Beitaishang Cun
806,806,330185201227,一都村,Yidu Cun
807,807,310116112216,水库村,Shuiku Cun
808,808,310116112209,阮巷村,Ruanxiang Cun
809,809,610821109219,沙坪寺村,Shapingsi Cun
810,810,610112009211,讲武殿村,Jiangwudian Cun
811,811,130105101206,党家庄村,Dangjiazhuang Cun
812,812,530502101202,沙坝村,Shaba Cun
813,813,410185103209,八方村,Bafang Cun
814,814,410482103215,关庙村,Guanmiao Cun
815,815,530524101207,龙泉村,Longquan Cun
816,816,530112007007,土堆村,Tudui Cun
818,818,410482103223,东营村,Dongying Cun
819,819,130185104211,北胡庄村,Beihuzhuang Cun
820,820,330621106218,白洋村,Baiyang Cun
821,821,130126104201,慈峪村,Ciyu Cun
822,822,410902001008,东白仓村,Dongbaicang Cun
823,823,440306004012,福永村,Fuyong Cun
824,824,130982500203,东八村,Dongba Cun
825,825,441481129213,东升村,Dongsheng Cun
826,826,410581105237,东皇墓村,Donghuangmu Cun
827,827,310115103235,营前村,Yingqian Cun
828,828,130104010201,大谈村,Datan Cun
829,829,441900118205,鸡翅岭村,Jichiling Cun
830,830,441900110205,袁山贝村,Yuanshanbei Cun
831,831,310115136206,沿南村,Yannan Cun
832,832,410122105209,白坟村,Baifen Cun
833,833,310116112204,营房村,Yingfang Cun
834,834,310116109223,张桥村,Zhangqiao cun
835,835,410527203227,岸上村,Anshang Cun
836,836,441622103207,枫深村,Fengshen Cun
839,839,NULL,赤水垟村,Chishuiyang Cun
840,840,441421131209,侨乡村,Qiaoxiang Cun
841,841,130185200202,北薛庄村,Beixuezhuang Cun
842,842,350525104204,美林村,Meilin Cun
843,843,NULL,蔡和村,Caihe Cun
844,844,530111004005,十里社区,Shili Shequ
845,845,610122106211,峒峪村,Dongyu Cun
846,846,NULL,李氏村,Lishi Cun
847,847,NULL,牛薛沟村,Niuxuegou Cun
848,848,130185104218,邓村,Deng Cun
849,849,331181106206,碧龙村,Bilong Cun
850,850,310116109204,永联村,Yonglian Cun
851,851,130127202213,北焦村,Beijiao Cun
852,852,130185100225,北海山村,Beihaishan Cun
853,853,330624102204,坂田村,Bantian Cun
854,854,440604010202,塘头村,Tangtou Cun
855,855,441900003014,梨川村,Lichuan Cun
856,856,110105038208,南皋村,Nan'gao Cun
857,857,610502103213,新店村,Xindian Cun
858,858,610125101200,安善坊村,Anshanfang Cun
859,859,110106202210,葆台村,Baotai Cun
860,860,410106003201,二十里铺村,Ershilipu Cun
861,861,320582102208,东山村,Dongshan Cun
862,862,130981203251,王官屯村,Wangguantun Cun
863,863,410482106211,戴湾村,Daiwan Cun
864,864,150621105203,柳子圪旦村,Liuzigedan Cun
865,865,140321201203,理家庄村,Lijiazhuang Cun
866,866,130602200206,小车村,Xiaoche Cun
867,867,130185104209,同阁村,Tongge Cun
868,868,360302103400,上柳源村,Shangliuyuan Cun
869,869,140724101204,库城村,Kucheng Cun
870,870,140729102202,崔家沟村,Cuijiagou Cun
871,871,341525108200,堆谷山村,Duigushan Cun
872,872,320281108202,三房巷村,Sanfangxiang Cun
873,873,341824103201,余川村,Yuchuan Cun
874,874,211004101202,大打白狐村,Dadabaihu Cun
875,875,530112009002,里仁村,Liren Cun
876,876,610302100205,永清村,Yongqing Cun
877,877,630102100204,杨沟湾村,Yanggouwan Cun
878,878,420302002202,姜湾村,Jiangwan Cun
879,879,320582105208,恬庄村,Tianzhuang Cun
880,880,320582107204,新海坝村,Xinhaiba Cun
881,881,331123105214,后山村,Houshan Cun
882,882,433127115202,桃子溪村,Taozixi Cun
883,883,420529203215,栗子坪村,Liziping Cun
884,884,420506101204,栗林河村,Lilinhe Cun
885,885,341021205200,三阳村,Sanyang Cun
886,886,341524103210,大峡谷村,Daxiagu Cun
887,887,330212110264,胡家坟村,Hujiafen Cun
888,888,610828206205,云家码头村,Yunjiamatou Cun
889,889,410105101207,杓袁村,Shaoyuan Cun
890,890,370302116218,西河村,Xihe Cun
891,891,610581105205,昝村,Zan Cun
892,892,141023102221,良陌村,Liangmo Cun
893,893,330621105209,东桃村,Dongtao Cun
894,894,440114104205,小㘵村,Xiaobu Cun
895,895,320282100209,祝陵村,Zhuling Cun
896,896,370212002034,西九水村,Xijiushui Cun
897,897,422801208210,高拱桥村,Gaogongqiao Cun
898,898,140221102200,大白登村,Dabaideng Cun
899,899,430703114218,放羊坪村,Fangyangping Cun
900,900,320582101204,欧桥村,Ouqiao Cun
901,901,330212109212,金山村,Jinshan Cun
902,902,610828105241,陈家墕村,Chenjiayan Cun
903,903,610828202200,木头峪村,Mutouyu Cun
904,904,441423126204,大胜村,Dasheng Cun
905,905,370305102245,西上庄村,Xishangzhuang Cun
906,906,310116104202,龙泉村,Longquan Cun
907,907,220621104204,黄家崴子村,Huangjiawaizi Cun
908,908,441622110208,黄岭村,Huangling Cun
909,909,370523102247,西水磨村,Xishuimo Cun
910,910,NULL,江浦村,Jiangpu Cun
911,911,610821107210,张家塔村,Zhangjiata Cun
912,912,320506107209,渡桥村,Duqiao Cun
913,913,370212003002,西台村,Xitai Cun
914,914,130123103202,吴兴村,Wuxing Cun
915,915,130121205225,桃王庄村,Taowangzhuang Cun
916,916,431002102203,上鲁塘村,Shanglutang Cun
917,917,440306001020,安乐村,Anle Cun
918,918,120223101208,赵官屯村,Zhaoguantun Cun
919,919,310114109219,劳动村,Laodong Cun
920,920,310116105215,和平村,Heping Cun
921,921,442000006203,桂南村,Guinan Cun
922,922,310116103212,建农村,Jiannong Cun
923,923,130421202204,王安堡村,Wang'anbu Cun
924,924,411282200211,川口村,Chuankou Cun
925,925,610528202200,上官村,Shangguan Cun
926,926,370503200234,东六合村,Dongliuhe Cun
927,927,310120101232,光明村,Guangming Cun
928,928,440306001018,甲岸村,Jiaan Cun
929,929,NULL,赵村,Zhao Cun
930,930,NULL,兴朱村,Xingzhu Cun
931,931,130922200206,小许庄村,Xiaoxuzhuang Cun
932,932,120111100206,邢庄村,Xingzhuang Cun
933,933,131022102213,无为庄村,Wuweizhuang Cun
934,934,130121100201,微水村,Weishui Cun
935,935,140525105203,拦车村,Lanche Cun
936,936,310116112211,蒋庄村,Jiangzhuang Cun
937,937,140802201203,赤社村,Chishe Cun
938,938,445281109214,交丙坛村,Jiaobingtan Cun
939,939,370481108241,邢寨村,Xingzhai Cun
940,940,NULL,西林西村,Xilinxi Cun
941,941,NULL,金红村,Jinhong Cun
942,942,370687104217,西古现村,Xiguxian Cun
943,943,140921203205,崔家庄村,Cuijiazhuang Cun
944,944,140431203201,聪子峪村,Congziyu Cun
945,945,140121100205,大北村,Dabei Cun
946,946,310115133202,金建村,Jinjian Cun
947,947,NULL,大望京村,Dawangjing Cun
949,949,371626109242,西王村,Xiwang Cun
950,950,370306003203,西马村,Xima Cun
951,951,141022103240,两坂村,Liangban Cun
952,952,140426203214,李堡村,Lipu Cun
953,953,350303100201,后郭村,Houguo Cun
954,954,370112005205,辛庄村,Xinzhuang Cun
955,955,440306004005,和平村,Heping Cun
956,956,140426100229,城南村,Chengnan Cun
957,957,140581002001,城东村,Chengdong Cun
958,958,140921100200,城内村,Chengnei Cun
959,959,441900128200,潢涌村,Huangchong Cun
960,960,440114107219,环山村,Huanshan Cun
961,961,130124100231,西董铺村,Xidongpu Cun
962,962,440106014001,冼村,Xian Cun
963,963,411082002007,楚寨村,Chuzhai Cun
964,964,610802104207,鱼河湾村,Yuhewan Cun
965,965,411524102218,崔楼村,Cuilou Cun
966,966,140581101235,酒务村,Jiuwu Cun
967,967,410522203209,卜居头村,Bujutou Cun
968,968,610524201208,保宁村,Baoning Cun
969,969,610113007223,南窑头村,Nanyaotou Cun
970,970,330522100217,涧塘村,Jiantang Cun
971,971,610826107213,朱麻硷村,Zhumajian Cun
972,972,140522102219,李街村,Lijie Cun
974,974,320506104202,箭泾村,Jianjing Cun
975,975,410105015007,崔庄村,Cuizhuang Cun
976,976,410704100209,陈堡村,Chenbao Cun
977,977,110114115214,郑各庄村,Zhenggezhuang Cun
978,978,110105023201,驼房营村,Tuofangying Cun
979,979,110106202214,四合庄村,Sihezhuang Cun
980,980,110106201218,卢沟桥村,Lugouqiao Cun
981,981,131127102201,广川街村,Guangchuanjie Cun
982,982,110111009216,车厂村,Chechang Cun
983,983,320583105202,兴复村,Xingfu Cun
984,984,430524207219,黄皮村,Huangpi Cun
986,986,370686104213,大楚留村,Dachuliu Cun
987,987,320206003006,华新村,Huaxin Cun
988,988,410704200205,老道井村,Laodaojing Cun
989,989,310116102216,新新村,Xinxin Cun
990,990,110109103202,城子村,Chengzi Cun
991,991,320582101210,花园村,Huayuan Cun
992,992,130132101206,故城村,Gucheng Cun
993,993,350823102215,都康村,Dukang Cun
994,994,420583101218,廖家林村,Liaojialin Cun
995,995,410105008010,关虎屯村,Guanhutun Cun
996,996,510304100204,江姐村,Jiangjie Cun
997,997,NULL,葛寨村,Gezhai Cun
998,998,370702005213,崔家村,Cuijia Cun
999,999,341002100203,篁墩村,Huangdun Cun
1000,1000,NULL,兰寨村,Lanzhai Cun
